CustomerID;Gender;DOB;District;ZIP;StreetID
106785;M;09/11/1934;5;3910;46362
910656;F;16/06/1974;5;3510;37856
913085;M;01/01/1900;5;3500;37513
658311;M;01/01/1900;1;2800;25758
681400;M;28/03/1952;1;2801;26360
120807;;01/01/1900;5;3560;39464
619016;M;22/04/1970;1;2530;23072
6737;M;01/01/1900;5;3530;38619
515045;M;11/04/1964;1;2570;24008
84564;;01/01/1900;5;3560;39425
229930;F;01/01/1900;5;3740;44351
76534;;01/01/1900;5;3500;37794
307340;M;11/09/1968;5;3550;38913
158536;M;01/01/1900;5;3530;38620
169663;F;27/11/1967;1;2018;13217
849572;M;01/01/1900;5;3920;46886
753778;M;01/01/1900;5;3500;37403
766847;M;15/10/1974;5;3590;40383
32999;M;01/01/1900;5;3570;39675
808194;M;01/01/1900;5;3540;38751
996304;M;01/01/1900;5;3600;41055
673836;F;27/10/1926;1;2000;13028
118416;;01/01/1900;5;3500;37643
829912;M;01/11/1966;5;3590;40317
91907;;01/01/1900;5;3630;41731
86254;M;24/05/1946;5;3582;40066
80187;M;14/07/1952;5;3520;38209
941562;F;01/01/1900;5;3740;44377
868609;M;01/01/1900;5;3510;37850
755565;M;01/01/1900;1;2390;20158
124054;F;01/01/1900;5;3660;42659
768448;M;15/07/1956;5;3520;38263
216602;M;01/01/1900;5;3630;41979
22525;;01/01/1900;5;3950;47581
94004;M;02/05/1963;5;3660;42604
994863;F;01/01/1900;5;3900;46119
21802;M;18/03/1939;5;3570;39594
86158;;01/01/1900;5;3582;39995
276941;F;30/01/1942;1;2018;13179
127178;;01/01/1900;5;3850;45703
925943;M;07/02/1943;5;3620;41566
892031;M;01/01/1900;5;3740;44293
775416;M;01/01/1900;5;3530;38345
958963;M;01/01/1900;1;2221;16238
679420;M;15/07/1945;1;2812;26465
775138;M;22/08/1939;1;2610;24822
46701;M;01/01/1900;5;3570;39590
674825;F;06/01/1951;1;2960;29693
56394;M;10/10/1945;5;3530;38418
654912;F;01/01/1916;1;2900;28115
992336;M;01/01/1900;5;3740;44455
84496;M;01/01/1900;5;3560;39461
89370;M;07/09/1941;5;3600;40622
996845;F;01/01/1900;5;3590;40329
97399;;01/01/1900;5;3700;43856
688548;M;18/07/1948;1;2980;30304
995855;M;21/10/1976;5;3590;40450
35206;M;01/01/1900;1;2920;28761
855200;F;01/01/1900;5;3530;38415
663231;M;29/12/1948;1;2242;16834
987808;F;01/01/1900;5;3740;44465
88255;;29/07/1958;5;3600;41085
640955;;22/08/1941;1;2280;17786
90947;;01/01/1900;5;3621;41604
63875;M;01/01/1900;5;3700;43718
85354;;01/01/1900;5;3570;39610
80869;;01/01/1900;5;3530;38350
591609;M;08/09/1962;5;3545;38794
57533;;01/01/1900;5;3660;42655
502433;M;24/04/1940;1;2540;23270
299903;M;01/01/1900;1;2250;17046
306415;M;29/10/1935;1;2328;18910
108898;M;31/10/1933;5;3940;47223
180225;;01/01/1900;5;3660;42653
372367;M;04/06/1928;1;2520;22846
18270;M;10/11/1978;5;3582;40002
657637;M;16/03/1941;1;2610;24691
793506;;01/01/1900;1;2650;25364
462878;M;07/04/1938;1;2300;18476
302847;F;01/01/1900;5;3511;109890
743298;M;17/06/1962;1;2580;24075
668492;M;14/08/1941;1;2460;21787
166418;M;01/01/1900;5;3940;47176
103862;;01/01/1900;5;3840;45639
77081;F;19/05/1920;5;3500;37342
653911;M;09/03/1930;1;2660;25547
608896;;26/07/1939;1;2650;25470
124718;;01/01/1900;5;3680;43114
128230;;01/01/1900;5;3930;47109
215157;M;01/01/1900;5;3550;39114
673513;M;15/02/1945;1;2980;30475
78833;M;01/01/1900;5;3510;37876
100579;;01/01/1900;5;3740;44455
944341;F;01/01/1900;1;2940;29177
92916;M;24/04/1932;5;3640;42274
740131;;01/01/1900;1;2547;23389
187958;;01/01/1900;5;3590;40318
89647;F;01/01/1900;5;3940;47193
658714;M;22/08/1944;1;2260;17286
136577;;01/01/1900;5;3740;44472
834314;M;01/01/1900;5;3920;46806
900737;M;24/08/1950;5;3650;42360
676441;M;08/02/1950;1;2960;29778
884484;F;01/01/1900;5;3800;45376
664705;M;11/06/1935;1;2600;24389
781988;M;01/01/1900;1;2070;14414
662701;M;27/03/1959;1;2960;29973
96717;M;01/11/1941;5;3680;43255
872250;M;07/08/1931;1;2650;25338
967060;F;01/01/1900;1;2170;15469
110062;F;16/11/1930;5;3950;47521
881258;M;01/01/1900;1;2350;19412
704808;;01/01/1900;1;2222;16325
141523;M;01/08/1951;1;2950;29315
135532;;01/01/1900;5;3920;46477
670155;M;22/01/1971;1;2222;16343
925005;M;01/04/1962;1;2440;21192
282493;M;27/08/1946;1;2370;19744
981275;F;01/01/1900;1;2990;30594
91244;;01/01/1900;5;3630;41768
461760;M;04/09/1937;1;2050;14103
240143;;01/01/1900;5;3511;37927
902382;F;28/11/1950;5;3600;40933
27050;F;01/01/1900;5;3700;43872
153239;M;01/01/1900;5;3980;48125
129707;;01/01/1900;5;3990;48445
297435;M;25/09/1973;1;2531;23244
111166;F;10/10/1960;5;3530;38610
76018;;01/01/1900;2;3290;35568
682105;M;30/11/1934;1;2980;30428
67296;M;01/01/1900;1;2400;20485
137890;M;01/01/1900;5;3510;37893
647661;M;01/01/1900;1;2470;21904
760267;M;01/01/1900;5;3520;38191
782497;F;01/01/1900;1;2400;20425
673031;M;02/05/1943;1;2200;15742
671995;M;30/01/1969;1;2930;28929
202650;;01/01/1900;5;3920;46892
97160;;01/01/1900;5;3690;43424
649347;M;01/01/1900;1;2275;17757
123798;;01/01/1900;5;3680;43030
91226;;01/01/1900;5;3630;41745
106861;M;01/01/1900;5;3910;46269
593217;M;02/02/1964;5;3742;44654
664959;M;12/10/1931;1;2100;14606
915936;M;26/04/1936;1;2275;17641
760914;M;01/08/1922;1;2220;15992
104880;;01/01/1900;5;3870;45805
478304;F;01/01/1900;5;3740;44538
216656;M;23/04/1933;5;3540;38757
648354;M;30/01/1940;1;2910;28567
82075;M;15/09/1953;5;3540;38747
580611;M;11/02/1961;1;2490;22158
915486;F;01/01/1900;5;3545;38827
94638;M;01/01/1900;5;3670;43012
669301;M;01/01/1900;1;2547;23398
96490;M;01/01/1900;5;3680;43039
703931;;25/10/1962;1;2430;20877
85478;F;01/01/1900;5;3570;39684
657219;M;02/03/1943;1;2640;25265
680201;M;29/01/1937;1;2970;30132
260099;M;01/01/1900;1;2480;22060
88747;M;01/01/1900;5;3600;40708
660436;M;28/12/1953;7;9200;70985
83231;M;28/05/1938;5;3550;39066
83274;;01/01/1900;5;3550;39038
677725;M;05/08/1962;1;2490;22360
294795;M;01/01/1900;5;3530;38587
364092;M;01/01/1900;5;3945;47403
787486;M;01/01/1900;5;3920;46901
98130;;01/01/1900;5;3700;43795
293003;;01/01/1900;1;2440;21374
168967;;01/01/1900;5;3840;45677
109862;;01/01/1900;5;3950;47480
80648;M;01/01/1900;5;3520;38298
686131;M;23/01/1969;1;2820;26693
497381;M;28/07/1944;5;3540;38653
106579;;01/01/1900;5;3910;46455
673104;M;14/07/1933;1;2930;29059
260247;F;07/03/1941;1;2460;21700
494693;M;01/01/1900;5;3690;43444
129450;M;01/01/1900;5;3980;48116
79460;M;10/10/1944;5;3511;38022
785255;M;14/12/1967;1;2290;18084
239139;F;06/05/1930;5;3640;42078
668567;M;06/11/1942;1;2920;28665
73887;M;01/01/1900;2;3130;33708
143413;F;01/01/1900;1;2300;18427
677893;M;21/03/1936;1;2550;23630
761505;M;21/08/1962;7;9160;69893
884459;M;27/10/1975;1;2070;14415
737598;M;10/01/1932;1;2547;23404
953172;M;28/11/1931;5;3770;44688
980062;F;01/01/1900;1;2150;15068
138511;F;22/09/1978;1;2900;28248
947564;M;03/02/1957;1;2150;15075
80273;M;01/01/1900;5;3520;38209
141334;F;17/01/1965;1;2450;21492
134891;F;18/10/1947;1;2440;20973
682262;M;25/06/1933;1;2930;29047
110330;M;01/01/1900;5;3910;46275
98078;;01/01/1900;5;3700;43930
65149;M;01/01/1900;2;3290;35442
898758;F;25/12/1922;1;2000;13037
843481;F;15/01/1951;5;3990;48426
36862;M;24/10/1977;5;3670;42950
232015;M;01/01/1900;5;3990;48344
921818;M;08/09/1953;5;3980;48216
752871;M;04/05/1946;5;3680;43259
1124359;F;01/01/1900;5;3511;37978
65658;M;01/01/1900;5;3770;44745
294720;M;05/12/1961;5;3770;44714
655449;F;17/05/1942;1;2930;29029
126156;;01/01/1900;5;3742;44651
647500;M;07/11/1934;1;2387;20060
113338;M;27/01/1926;5;3990;48499
683693;M;12/09/1938;1;2360;19600
852612;M;01/01/1900;1;2490;22227
130693;M;01/01/1900;5;3740;133929
672495;M;01/06/1925;1;2400;20406
667858;M;01/01/1900;1;2150;15061
662608;M;23/02/1952;1;2110;14811
124888;;01/01/1900;5;3690;43491
888696;F;07/11/1963;1;2160;15095
652684;M;27/10/1945;1;2520;22799
494173;M;01/01/1900;5;3770;44740
801022;F;27/01/1937;1;2400;20382
665568;F;01/01/1900;1;2480;22059
505285;M;01/01/1900;7;9170;70325
681051;M;01/01/1900;1;2400;20509
855111;F;15/10/1970;1;2920;28887
458123;M;02/02/1953;1;2220;16037
795758;M;17/12/1930;5;3630;41900
49396;M;01/01/1900;1;2470;21833
596637;M;25/08/1962;1;2220;16015
679190;F;13/12/1940;1;2290;18040
67962;M;01/01/1900;5;3960;47791
72290;M;03/10/1943;5;3920;46481
78633;M;01/01/1900;5;3510;37868
978465;F;01/01/1900;1;2920;28733
307229;M;08/10/1957;1;2440;20980
38857;M;01/01/1900;5;3631;42044
894326;M;27/04/1945;7;9120;69030
67278;;01/01/1900;5;3530;38404
78719;M;01/01/1900;5;3510;37891
61494;M;01/01/1900;7;9120;69155
103528;;01/01/1900;5;3830;45489
911458;M;24/06/1939;5;3980;48215
275046;M;17/12/1971;1;2930;29005
185225;;01/01/1900;5;3590;40331
654570;M;13/12/1958;1;2390;20101
945043;M;22/11/1973;1;2547;23426
660979;M;01/01/1900;1;2300;18427
87584;M;10/09/1934;5;3590;40493
725848;M;11/11/1938;1;2920;28848
653093;M;12/02/1945;1;2360;19622
657046;M;05/03/1946;1;2460;21643
233091;M;01/05/1954;5;3970;47901
110455;M;01/01/1900;5;3500;37377
806897;M;01/01/1900;5;3680;43032
118543;;01/01/1900;5;3500;37463
127199;M;01/01/1900;5;3850;45719
281030;M;27/10/1939;5;3600;40922
296533;;06/04/1940;1;2530;23147
158789;M;01/01/1900;5;3550;38997
66910;M;01/01/1900;7;9120;69013
46163;F;17/03/1950;5;3511;37930
857875;M;01/01/1900;5;3512;38053
34087;M;01/01/1900;5;3511;38016
664407;M;01/01/1900;1;2960;111553
56691;M;01/01/1900;5;3640;42140
650126;M;17/12/1930;1;2360;19634
101454;M;15/02/1945;5;3770;44677
138308;M;01/01/1900;1;2440;137217
1105635;M;01/01/1900;5;3950;47610
458124;M;08/04/1944;1;2240;16727
153347;M;06/07/1968;5;3640;42283
166792;;01/01/1900;5;3550;38971
83675;M;01/01/1900;5;3550;39086
158050;;01/01/1900;5;3600;41138
85713;M;11/02/1922;5;3580;39728
672622;M;01/01/1900;1;2560;23680
663946;M;14/03/1957;1;2382;19979
125212;;01/01/1900;5;3700;43905
655659;M;26/06/1927;1;2980;30373
195474;;01/01/1900;5;3700;43779
91272;M;01/01/1900;5;3630;41812
222398;;01/01/1900;5;3500;37722
105447;M;01/01/1900;5;3900;46035
84740;M;01/01/1900;5;3560;39531
678132;M;16/12/1942;1;2910;28518
247167;M;03/10/1970;5;3570;39626
995137;M;01/01/1900;1;2500;22795
79722;F;01/01/1900;5;3512;38036
752673;M;14/04/1960;7;9140;69501
777854;M;01/08/1965;1;2180;15630
119633;;01/01/1900;5;3530;38446
681690;F;24/04/1926;2;3110;33372
287928;;01/01/1900;5;3950;47531
805680;M;01/01/1900;5;3560;39403
659214;M;01/01/1900;1;2920;28816
862454;M;29/08/1944;5;3530;38564
944612;M;01/01/1900;5;3600;40760
91106;;01/01/1900;5;3630;41968
92892;;01/01/1900;5;3640;42090
838475;F;02/03/1922;1;2170;15453
140343;M;28/11/1939;5;3511;37992
251326;M;20/02/1956;1;2321;18758
452562;M;08/08/1972;1;2460;21663
292740;M;09/10/1932;5;3665;42732
660064;F;22/02/1950;1;2260;17279
23220;F;01/01/1900;2;3290;35511
107253;M;27/12/1930;5;3920;46752
973202;M;01/01/1900;1;2320;18701
89898;M;18/06/1963;5;3600;41127
277835;F;01/01/1900;1;2320;18687
451025;;01/01/1900;5;3950;47561
879039;M;01/01/1900;5;3700;43788
135159;M;01/01/1900;5;3945;47416
674488;M;17/05/1937;1;2530;23083
307682;F;21/12/1967;1;2910;28656
746284;M;24/07/1971;1;2330;18961
681524;F;22/02/1946;1;2990;30591
831382;M;19/03/1930;1;2560;23726
339123;M;05/01/1955;1;2970;30192
108089;M;01/01/1900;5;3920;46686
925903;F;01/01/1900;5;3582;40014
647326;M;07/03/1927;1;2500;22578
925863;M;01/01/1900;5;3700;43843
775169;F;01/01/1900;1;2360;19652
672905;M;27/02/1949;1;2100;14529
761790;M;01/01/1900;2;3290;35473
108673;;01/01/1900;5;3930;47068
131369;M;01/01/1900;5;3600;40985
652799;M;26/05/1920;1;2310;18522
110977;;01/01/1900;5;3960;47831
80051;;01/01/1900;5;3520;38132
271592;M;22/12/1962;1;2870;27702
107877;;01/01/1900;5;3920;46738
24508;M;01/01/1900;5;3680;43089
71137;M;01/01/1900;5;3530;38450
290839;M;01/01/1900;5;3583;111866
131260;F;14/07/1967;1;2100;14590
292007;;01/01/1900;5;3770;44830
301648;M;13/07/1971;1;2450;21426
268257;M;08/01/1968;1;2300;18377
503671;F;04/07/1927;5;3560;39381
768488;F;20/12/1957;5;3540;38654
467461;;01/01/1900;5;3960;47660
493667;M;01/01/1900;2;3454;37102
131240;;01/01/1900;5;3500;37702
163600;M;07/02/1950;5;3720;43993
650025;M;12/12/1912;1;2310;18529
653526;M;12/02/1929;1;2460;21628
962147;F;01/01/1900;1;2920;28722
866789;M;03/12/1970;5;3512;38062
652358;M;22/04/1923;1;2990;30610
89348;M;01/01/1900;5;3600;40967
167201;M;01/01/1900;5;3920;46754
139859;;01/01/1900;5;3650;42532
766484;M;01/01/1900;5;3600;40789
918652;F;26/01/1928;1;2600;24358
658570;M;14/05/1931;6;1982;12689
757625;F;01/01/1900;5;3600;41196
722095;M;27/07/1942;1;2530;23170
590581;M;18/02/1923;1;2280;17877
20314;F;01/01/1900;1;2990;30725
135952;M;01/01/1900;5;3670;42811
119484;M;01/01/1900;5;3520;38079
654047;M;17/07/1948;1;2580;24084
658043;M;23/04/1951;7;9140;69635
658395;M;06/06/1935;1;2800;25758
779906;M;14/03/1934;1;2400;20459
307378;M;12/12/1970;1;2491;22444
609115;M;13/08/1959;1;2240;16780
514923;M;28/07/1941;5;3700;43667
105570;M;23/03/1955;5;3900;46125
131727;M;13/04/1954;5;3560;39380
196035;M;16/08/1944;5;3740;44629
77635;F;01/01/1900;5;3500;37608
95634;;01/01/1900;5;3680;43111
674436;M;15/04/1938;1;2070;14404
505079;M;29/12/1930;1;2970;30002
43002;F;01/01/1900;5;3630;41947
252133;;01/01/1900;5;3920;46469
653360;;02/02/1972;1;2440;21379
217062;;01/01/1900;5;3910;46323
387241;;01/01/1900;5;3583;40238
649235;M;05/02/1926;1;2390;20101
108455;M;01/01/1900;5;3930;47151
86995;M;01/01/1900;5;3583;40254
76865;F;01/01/1900;5;3583;40201
646994;M;02/10/1951;1;2180;15512
875472;F;01/01/1900;5;3650;42400
92826;F;01/01/1900;5;3640;42284
813975;M;30/05/1965;7;9240;71691
408540;M;01/01/1900;5;3920;46582
956024;F;01/01/1900;1;2610;24724
649716;M;01/01/1900;1;2970;30187
505586;M;22/06/1942;1;2280;17863
106869;F;26/06/1972;1;2340;19252
67030;M;27/04/1948;5;3800;45117
666058;M;21/06/1922;1;2630;25122
797994;F;01/01/1900;1;2230;16458
124187;M;01/01/1900;1;2660;25643
95125;M;12/02/1936;5;3670;42975
945253;M;01/01/1900;1;2070;14304
618810;M;16/05/1954;1;2140;14936
513323;M;01/01/1900;1;2530;23091
277998;;19/12/1937;1;2243;16911
80340;;01/01/1900;5;3520;38118
253687;;01/01/1900;5;3600;41053
686971;M;02/11/1951;7;9170;70233
282163;M;13/10/1962;1;2310;18479
786776;M;17/03/1928;1;2850;27339
671127;M;23/07/1934;1;2020;13421
733039;M;01/01/1900;1;2300;18204
290109;M;04/11/1949;7;9120;69047
916926;M;11/03/1956;1;2170;15359
72328;F;25/06/1935;2;1702;8146
93358;M;01/01/1900;5;3650;42436
123740;M;01/01/1900;5;3600;40893
90198;;01/01/1900;5;3620;41336
98313;M;01/01/1900;5;3720;44019
304152;;19/11/1952;1;2380;19866
286997;M;01/01/1900;5;3665;42791
86460;M;14/01/1944;5;3582;40032
284905;M;01/01/1900;5;3700;43724
115674;M;01/01/1900;5;3590;40426
487392;M;06/06/1926;5;3800;45069
108352;F;01/08/1924;5;3930;47109
104207;;01/01/1900;5;3840;45543
682368;F;01/01/1900;2;1980;12446
458135;M;07/04/1939;1;2180;15601
765373;F;17/11/1938;1;2610;24603
410217;M;06/06/1950;1;2400;20319
650225;M;04/11/1936;1;2400;20596
120305;;01/01/1900;5;3550;39298
115711;F;18/05/1969;5;3740;44301
37838;M;14/03/1932;5;3511;37902
653546;M;01/01/1900;1;2470;21950
801200;F;01/01/1900;5;3910;46309
65601;M;01/01/1900;5;3890;45939
85306;M;01/01/1900;5;3570;39683
672046;M;01/01/1900;1;2650;25503
653005;M;14/12/1947;1;2328;18930
996611;M;01/01/1900;5;3900;46228
625846;M;01/01/1900;1;2290;18103
265758;M;19/08/1937;5;3800;45360
248778;M;01/01/1900;5;3670;43017
869784;;01/01/1900;5;3700;43625
660112;M;01/01/1900;1;2330;19004
688731;M;01/08/1957;1;2930;29075
736906;M;01/01/1900;5;3520;38218
660928;M;13/10/1920;1;2480;22015
105383;M;06/04/1949;5;3891;45998
831384;M;05/07/1944;1;2230;16534
90009;M;01/01/1900;5;3620;41455
651977;M;04/03/1929;1;2170;15386
914229;M;01/01/1900;6;34120;136893
109348;F;22/06/1928;5;3941;47279
679328;M;15/06/1931;2;1745;8850
466728;M;09/11/1946;5;3721;44036
136172;M;19/04/1964;5;3740;44461
615999;M;19/09/1940;1;2140;14831
38731;M;01/01/1900;5;3500;37547
117560;M;01/01/1900;5;3740;44474
761254;M;07/10/1915;1;2950;29429
666421;M;01/01/1900;1;2242;16842
922330;M;01/01/1900;1;2382;20018
81333;M;01/01/1900;5;3530;38574
81576;M;01/01/1900;5;3530;38597
95777;;01/01/1900;5;3680;43346
968619;M;01/01/1900;1;2590;24250
875114;M;20/01/1951;1;2320;18690
118522;;01/01/1900;5;3500;37698
668539;M;15/12/1946;1;2330;19001
22083;M;01/01/1900;5;3700;43863
679638;M;01/01/1900;1;2243;16915
671025;M;29/12/1938;1;2812;26464
811886;M;01/01/1900;5;3950;47540
623253;M;01/01/1900;1;2970;30222
106951;;01/01/1900;5;3910;46337
505488;M;01/01/1900;1;2200;15853
74535;M;16/12/1983;1;2950;29406
917029;M;08/01/1926;2;1130;3493
11930;M;25/11/1932;5;3500;37722
978729;M;01/01/1900;1;2100;14655
119089;M;12/01/1941;5;3511;37994
217025;M;08/04/1929;5;3920;46779
90782;M;16/11/1934;5;3620;41442
800576;F;12/06/1952;1;2430;20879
75070;M;01/01/1900;5;3720;43993
502082;;21/10/1962;5;3630;41703
851341;M;27/12/1945;5;3950;47490
121891;;01/01/1900;5;3590;40282
104407;M;01/01/1900;2;3454;37108
66016;M;18/02/1962;5;3840;45611
204587;;01/01/1900;5;3930;46912
769644;M;01/01/1900;5;3600;41179
670663;M;29/04/1935;1;2960;29822
66062;;01/01/1900;5;3500;37838
765834;;28/03/1964;7;9120;69186
779150;M;01/01/1900;6;04347;132924
670403;F;27/02/1964;1;2640;25311
682869;M;10/02/1933;1;2400;20461
49090;M;01/01/1900;1;2400;20312
501664;F;01/01/1900;5;3840;45694
947385;M;01/01/1900;1;2360;19600
688688;M;22/09/1958;1;2100;14523
870631;M;22/07/1959;1;2610;24707
259489;M;01/01/1900;1;2360;19626
284707;M;01/01/1900;1;2960;29945
460459;M;05/02/1949;1;2590;24233
76089;M;01/01/1900;2;3200;34483
100139;M;09/06/1963;5;3740;44349
43291;M;01/01/1900;5;3530;38403
91191;;01/01/1900;5;3630;41978
468405;M;04/03/1944;1;2490;22203
79899;M;01/01/1900;5;3520;38200
126070;;01/01/1900;5;3740;44512
650093;M;15/06/1945;1;2340;19118
105970;M;25/05/1920;5;3900;46125
652043;M;28/08/1953;1;2950;29475
80308;M;01/01/1900;5;3520;38117
83829;M;21/07/1942;5;3550;39228
972941;M;01/01/1900;5;3870;45833
768765;F;01/01/1900;5;3530;38350
665396;M;08/09/1964;1;2260;17078
123674;M;15/07/1934;5;3650;42342
682997;F;20/08/1944;1;2340;19163
93017;M;01/01/1900;5;3650;42455
729366;M;19/09/1956;1;2020;13543
298338;M;25/03/1945;1;2330;19034
676356;F;17/02/1983;1;2910;28567
148606;;01/01/1900;5;3910;46290
493334;M;10/06/1943;1;2310;18602
218052;;01/01/1900;5;3650;42510
295968;F;01/01/1900;5;3900;142915
187487;M;03/05/1934;5;3720;44001
874246;F;01/01/1900;5;3890;45890
195095;F;13/09/1965;5;3580;39723
680607;M;01/03/1942;1;2340;19221
91895;;01/01/1900;5;3630;41827
660939;M;01/01/1900;1;2323;18873
816903;F;26/01/1981;5;3940;47241
993957;M;02/02/1939;1;2950;29349
130773;;01/01/1900;5;3583;40224
809515;M;01/01/1900;5;3560;39511
807995;M;01/01/1900;5;3550;39318
138905;;01/01/1900;5;3550;39152
98470;M;01/01/1900;5;3723;44064
652924;M;01/01/1900;1;2322;18817
168580;M;01/01/1900;5;3560;39541
961949;F;01/01/1900;1;2490;22313
591502;M;19/01/1964;1;2660;25715
286499;M;19/06/1939;1;2830;26890
769131;M;01/01/1900;5;3665;42695
78470;;01/01/1900;5;3500;37752
770362;M;01/12/1950;1;2390;20253
92765;;01/01/1900;5;3640;42140
933851;M;01/01/1900;1;2000;12743
686014;M;14/05/1968;7;9100;68611
107896;;01/01/1900;5;3920;46836
658552;M;06/10/1923;1;2800;25862
278344;M;19/08/1928;1;2900;28112
80408;;01/01/1900;5;3520;38180
78722;M;01/01/1900;5;3510;37864
682645;M;01/01/1900;7;9100;68636
94179;M;01/01/1900;5;3660;42654
498890;M;03/07/1947;1;2300;18373
109293;F;11/06/1959;5;3941;47264
34360;M;01/01/1900;1;2170;15457
761393;F;01/01/1900;5;3530;38403
131125;M;01/01/1900;5;3700;43771
101693;;01/01/1900;5;3770;44803
210927;M;03/08/1958;5;3530;38364
738520;M;06/02/1940;1;2170;15448
172038;;01/01/1900;5;3941;47256
725911;M;12/01/1914;1;2490;22360
669306;M;29/09/1934;7;9120;69209
659691;M;01/01/1900;1;2650;25492
885942;M;27/01/1956;1;2450;21506
127063;;01/01/1900;5;3840;45552
595177;M;12/08/1926;1;2100;14729
103966;;01/01/1900;5;3840;45580
121215;;01/01/1900;5;3570;39607
274943;F;01/01/1900;5;3660;42590
755835;M;22/07/1950;1;2390;20238
773854;M;15/10/1929;7;9120;69191
514330;M;01/01/1900;1;2560;23734
78911;M;01/01/1900;5;3511;38008
90481;F;01/01/1900;5;3620;41442
709160;M;22/08/1956;1;2320;18704
986583;M;01/01/1900;5;3930;47009
982275;M;01/01/1900;1;2140;14981
41845;M;01/01/1900;5;3700;43788
57657;M;01/01/1900;1;2200;15907
865819;F;01/01/1900;5;3800;45237
496557;M;26/01/1930;1;2440;21096
121043;M;05/01/1936;5;3570;39590
122454;M;01/01/1900;5;3600;40747
99483;;01/01/1900;5;3740;44534
799928;;01/01/1900;5;3520;38164
36552;M;01/01/1900;5;3665;42693
62360;M;14/03/1938;5;3660;42645
725845;F;20/08/1923;1;2920;28822
189702;M;01/01/1900;5;3620;41300
660607;F;03/10/1945;1;2300;18221
684010;M;04/10/1936;1;2440;20956
245508;;01/01/1900;5;3620;41542
719842;M;01/01/1900;1;2550;23576
135567;;01/01/1900;5;3980;48230
82955;;01/01/1900;5;3550;39172
832068;M;06/11/1937;1;2500;22535
884279;M;05/12/1931;1;2500;22535
815809;F;01/01/1900;5;3600;40606
80863;M;01/01/1900;5;3530;38628
672383;M;14/06/1943;1;2861;27623
976258;M;01/01/1900;5;3620;41553
113810;;01/01/1900;5;3582;40067
978548;M;01/01/1900;1;2540;23268
667763;M;16/03/1915;1;2920;28837
753098;M;01/01/1900;5;3650;42542
190317;M;01/01/1900;5;3941;47327
923623;M;11/07/1940;5;3700;43628
158976;;01/01/1900;5;3830;45500
79958;M;01/01/1900;5;3520;38248
644766;;15/02/1937;1;2200;102093
476789;M;20/08/1942;1;2960;29951
91165;;01/01/1900;5;3630;41710
599273;M;04/06/1961;5;3570;39675
721428;M;01/01/1900;1;2930;29016
28271;M;20/12/1925;5;3630;41834
127157;;01/01/1900;5;3850;45714
150984;;01/01/1900;5;3680;43107
250938;;19/10/1952;1;2500;22664
730207;;22/10/1946;1;2800;25952
141979;M;16/12/1957;5;3550;38932
86236;;01/01/1900;5;3582;39960
850845;M;01/01/1900;5;3550;39196
984244;M;01/01/1900;1;2610;24780
120980;M;01/01/1900;5;3570;39570
55101;M;01/01/1900;1;2300;18256
684319;M;14/06/1940;1;2920;28752
281658;;28/08/1961;1;2930;29016
648235;M;01/02/1937;1;2870;27680
680741;M;06/02/1931;1;2830;26893
839338;;01/01/1900;1;2610;24857
32244;M;30/09/1938;5;3520;38285
646755;M;04/05/1946;1;2640;25283
682281;M;14/05/1961;1;2930;28987
865501;M;01/01/1900;5;3680;43334
273071;;01/01/1900;5;3600;41180
127220;F;07/04/1944;5;3870;45789
774120;M;26/05/1934;5;3590;40282
664053;M;04/09/1959;1;2328;18917
965578;F;01/01/1900;5;3870;45860
686509;M;17/05/1963;1;2960;29977
155444;M;01/01/1900;5;3530;38455
775096;M;12/02/1964;1;2400;20428
112616;F;26/12/1929;5;3990;135290
123310;;01/01/1900;5;3631;42071
651106;M;04/01/1955;7;9100;68528
128577;;01/01/1900;5;3941;47329
189736;M;03/01/1939;5;3640;42077
765965;F;01/01/1900;5;3540;38679
970908;M;01/01/1900;5;3990;48515
92384;;01/01/1900;5;3640;42258
919315;M;04/02/1972;7;9150;111174
182620;F;22/07/1950;5;3960;47769
672460;M;14/01/1956;1;2360;19674
112810;;01/01/1900;5;3990;48477
18089;F;01/01/1900;5;3530;38459
36406;M;01/01/1962;5;3660;42661
743108;M;17/11/1945;1;2990;30805
66121;;01/01/1900;5;3690;43402
906534;M;19/06/1919;7;9120;68935
97924;M;01/01/1900;5;3700;43708
672274;M;24/05/1929;1;2830;26997
798554;M;01/01/1900;5;3511;37907
655981;M;01/01/1900;1;2000;12858
810771;M;16/09/1942;1;2330;18998
180811;F;29/09/1980;5;3511;37914
692030;M;09/01/1950;5;3500;37683
143719;;01/01/1900;5;3680;43193
88880;M;13/12/1920;5;3600;40939
723311;F;01/01/1900;1;2250;16934
182806;;01/01/1900;5;3540;38666
684448;M;11/04/1920;1;2180;15534
113134;M;18/01/1931;5;3990;48303
663907;M;09/03/1930;1;2520;22947
599124;M;30/09/1948;1;2160;15114
874291;M;01/08/1942;7;9120;68923
682942;M;04/05/1938;1;2290;18048
76460;F;02/08/1943;5;3500;37826
107403;;01/01/1900;5;3920;46607
285977;F;14/09/1934;1;2300;18415
128668;M;01/01/1900;5;3945;47399
4157;M;01/01/1900;1;2300;18244
996186;F;01/01/1900;2;1980;12490
668238;M;14/04/1932;1;2640;25200
898236;M;24/05/1963;1;2547;23364
670127;M;28/10/1931;1;2930;28899
106456;;01/01/1900;5;3910;46293
157044;M;01/01/1900;5;3500;37648
500939;M;01/01/1900;5;3550;38985
434404;M;01/01/1900;5;3700;43717
924628;M;01/07/1980;1;2400;20671
271705;F;01/01/1900;1;2960;29819
98263;;01/01/1900;5;3700;43864
64887;M;08/04/1963;5;3530;38434
121120;M;22/02/1927;5;3570;39684
102322;F;01/01/1900;5;3800;45097
94230;;01/01/1900;5;3665;42695
664459;M;01/12/1937;7;9112;68865
19466;F;01/01/1900;1;2100;14514
121529;M;01/01/1900;5;3670;42833
168511;M;02/07/1963;5;3870;45759
96557;;01/01/1900;5;3680;43359
95412;;01/01/1900;5;3670;42979
658574;M;27/07/1914;1;2812;26508
110749;F;01/01/1900;5;3960;47799
819332;M;29/12/1984;5;3990;48269
653662;;01/01/1900;1;2650;25369
684047;M;24/08/1934;1;2330;19059
113065;M;21/02/1934;5;3990;48428
303272;M;11/12/1946;5;3720;43981
845555;M;14/05/1960;5;3700;43678
209850;M;01/01/1900;5;3960;47652
9882;M;25/12/1963;1;2222;16326
653573;M;30/10/1952;1;2470;21949
418311;M;01/01/1900;5;3920;46899
911798;M;01/01/1900;5;3971;48036
69031;M;31/10/1937;5;3665;42777
74250;M;01/01/1900;2;3454;37108
137994;M;01/01/1900;5;3550;39234
685398;M;20/10/1937;1;2550;23589
592938;M;05/10/1925;1;2640;25272
658485;M;07/01/1943;1;2861;27587
660151;M;04/09/1924;1;2340;19218
59580;M;24/07/1949;5;3600;40731
681654;M;01/01/1900;2;3128;33683
92478;;01/01/1900;5;3640;42096
672514;M;01/01/1900;1;2200;15868
306448;;01/01/1900;5;3800;45195
269120;M;01/01/1900;1;2200;15769
291765;F;12/08/1964;2;1930;11888
96311;M;07/05/1924;5;3680;43069
296777;;01/01/1900;5;3530;38403
304563;;15/05/1923;7;9190;70620
431998;M;13/12/1925;1;2570;23944
120121;M;03/10/1943;5;3545;38824
659050;M;26/05/1936;7;9280;72453
659301;M;08/01/1937;1;2990;30614
93331;M;09/05/1935;5;3650;42527
851071;;25/07/1944;1;2260;17254
112332;M;04/09/1925;5;3980;48225
87904;M;04/05/1932;5;3590;40363
95209;M;08/06/1925;5;3670;43023
62202;M;01/01/1900;1;2440;21348
234121;F;23/09/1947;5;3550;38926
660924;M;14/06/1948;1;2460;21712
668063;M;31/05/1948;1;2240;16811
107108;;01/01/1900;5;3920;46702
166776;M;14/04/1968;5;3600;40753
682856;M;19/08/1921;1;2400;20287
95355;;01/01/1900;5;3670;42966
260902;F;19/11/1935;1;2150;15032
230643;M;01/01/1900;5;3560;39391
60536;M;01/01/1900;1;2340;19113
862269;M;09/09/1951;5;3910;46306
237341;;01/01/1900;5;3730;44220
909047;M;02/08/1943;5;3500;37593
709265;;10/06/1964;1;2320;18699
745598;M;21/12/1932;5;3910;46264
728870;M;26/05/1938;1;2180;15598
309930;M;30/08/1960;7;9100;68427
666941;M;13/05/1938;1;2480;22081
119743;;01/01/1900;5;3530;38383
135031;;01/01/1900;5;3930;46920
680875;M;08/08/1945;1;2300;18417
651363;M;01/01/1900;1;2861;27602
107317;M;30/03/1935;5;3920;46536
70483;M;01/01/1900;5;3700;43905
671830;M;24/12/1944;1;2850;27302
688993;M;15/08/1938;1;2240;16733
626815;F;04/08/1942;1;2600;24475
802664;F;14/04/1969;5;3600;41045
36045;M;25/10/1928;5;3530;108597
119308;M;18/07/1956;5;3520;38122
671074;M;01/01/1900;1;2330;19010
343326;F;29/12/1968;1;2870;27756
405673;;01/01/1900;5;3621;41642
287646;M;11/05/1961;1;2250;17069
114210;;01/01/1900;5;3550;39077
656112;M;04/11/1937;1;2520;22901
23596;M;01/01/1900;5;3730;44240
654824;M;23/04/1945;1;2050;14075
658817;F;01/01/1900;1;2431;20900
214536;;01/01/1900;5;3740;44571
223043;M;01/01/1900;5;3550;39202
83235;M;02/05/1939;5;3550;39239
651944;M;15/04/1953;1;2040;13997
733034;M;02/09/1954;1;2910;28526
105058;;01/01/1900;5;3870;45815
84348;;01/01/1900;5;3560;39555
238763;F;01/01/1900;5;3910;46454
828228;M;01/01/1900;1;2300;18439
48566;M;01/01/1900;5;3960;47633
76917;;01/01/1900;5;3500;37761
655327;M;08/10/1934;1;2900;28133
364562;M;01/01/1900;5;3640;42265
973065;M;01/01/1900;1;2300;18405
670664;;24/09/1958;1;2930;29123
497901;M;07/02/1936;5;3970;47874
127826;;01/01/1900;5;3910;46266
123664;;01/01/1900;5;3650;42342
744773;M;01/01/1900;5;3530;38418
216874;M;01/01/1900;5;3520;38118
266566;M;01/01/1900;1;2990;30852
60000;M;12/02/1934;5;3670;43004
142614;F;01/01/1900;1;2960;29605
309321;M;14/04/1965;1;2460;21574
243154;;01/01/1900;5;3665;143139
735141;F;31/07/1945;1;2627;25043
477669;M;21/12/1944;7;9250;71877
122874;M;19/03/1938;5;3620;41477
132752;;01/01/1900;5;3500;37756
94129;M;25/12/1932;5;3660;42597
9366;M;30/08/1947;5;3840;45649
498588;F;01/01/1900;5;3920;46497
870967;M;07/08/1953;1;2930;29121
818341;M;16/03/1953;1;2560;23858
107909;;01/01/1900;5;3920;142366
97103;F;01/01/1900;5;3690;43395
269666;M;06/07/1964;5;3700;43597
760219;M;01/01/1900;5;3850;45718
204952;M;01/01/1900;5;3690;43518
459730;;01/01/1900;5;3640;42237
71155;M;01/01/1900;5;3620;41385
858129;M;26/02/1939;5;3990;48442
92340;F;01/01/1900;5;3640;42218
832098;M;01/01/1900;1;2560;23869
975295;M;01/01/1900;1;2260;17309
637577;F;31/10/1951;5;3700;43771
683611;M;01/11/1942;1;2380;19831
154982;M;27/09/1936;5;3803;45411
77318;M;17/10/1929;5;3500;37642
6750;M;01/01/1900;5;3803;45387
648941;M;03/08/1941;1;2940;29281
882085;M;01/01/1900;1;2170;15269
129200;M;01/01/1900;5;3960;47772
669688;M;15/10/1950;1;2275;17737
294578;;24/07/1951;5;3800;45235
978000;M;01/01/1900;2;3290;35578
124783;;01/01/1900;5;3680;43040
805958;M;19/03/1929;1;2070;14348
917479;M;01/01/1900;1;2360;19570
278076;;09/02/1933;1;2930;28979
290501;;01/01/1900;5;3930;46987
63060;M;13/09/1934;5;3583;40176
286795;M;14/07/1955;1;2861;27626
79227;M;03/10/1944;5;3511;38023
640995;;19/12/1953;1;2000;130077
873818;F;06/04/1978;1;2900;28113
95008;M;06/04/1936;5;3670;43013
656346;M;11/09/1938;1;2520;22842
79751;;01/01/1900;5;3512;38055
592774;;11/07/1942;1;2400;20351
652937;F;01/01/1900;1;2328;18895
784650;F;20/02/1929;1;2570;23949
87992;;01/01/1900;5;3590;40441
91261;;01/01/1900;5;3630;41664
65825;F;01/01/1900;5;3501;37840
789934;F;01/01/1900;5;3582;40108
201325;;01/01/1900;5;3800;45171
301239;M;01/01/1900;1;2480;22058
108862;M;23/06/1946;5;3940;47193
808580;M;24/02/1926;1;2627;24982
682635;M;15/02/1947;7;9150;69761
937920;M;26/03/1928;1;2960;29638
198700;M;23/05/1949;5;3650;42451
662721;M;14/09/1926;1;2920;28867
128384;;01/01/1900;5;3930;46932
482621;M;01/01/1900;1;2590;24302
78062;F;28/12/1939;5;3500;37454
132916;M;01/01/1900;5;3630;41942
977891;M;01/01/1900;1;2960;29914
893088;M;03/03/1952;1;2530;23050
256307;;01/01/1900;5;3971;48032
83269;;01/01/1900;5;3550;39072
66741;F;01/01/1900;1;2100;14494
249832;M;09/11/1961;5;3660;42635
516278;M;09/01/1948;7;9120;69097
656647;M;20/04/1936;1;2350;19435
659856;F;24/01/1935;2;3118;33520
56451;M;31/07/1958;1;2070;14405
110694;;01/01/1900;5;3960;47764
103873;M;12/03/1945;5;3840;45539
126217;M;12/06/1933;5;3770;44781
676836;M;25/02/1959;1;2960;29821
98824;M;12/02/1934;5;3730;44157
55870;M;01/01/1900;5;3511;38017
674503;M;29/06/1946;1;2980;30500
96325;;01/01/1900;5;3680;43081
32687;M;01/01/1900;5;3680;43326
77132;;01/01/1900;5;3500;37791
122507;M;01/01/1900;5;3600;40577
121443;;01/01/1900;5;3582;40093
685953;M;26/01/1944;1;2288;18017
256376;M;21/01/1933;1;2275;17623
47128;M;01/01/1900;5;3960;47656
262227;;01/01/1900;5;3650;42339
903837;M;01/05/1923;7;9140;69403
235337;M;01/01/1900;5;3770;44866
668466;M;31/12/1934;1;2380;19859
660314;M;01/12/1961;1;2321;18772
284735;M;23/09/1960;1;2960;29682
100633;;01/01/1900;5;3740;44376
112472;;01/01/1900;5;3990;48508
91665;F;31/10/1968;5;3630;41914
969290;M;01/01/1900;5;3990;48328
238958;;01/01/1900;4;4287;109309
647828;M;28/07/1965;1;2520;22869
870644;M;02/04/1960;1;2910;28618
803007;M;06/02/1947;5;3520;38209
664828;M;01/01/1900;1;2970;30181
794918;M;30/06/1970;1;2980;30496
145934;M;26/10/1947;5;3530;38562
119880;M;04/09/1963;5;3530;38345
708778;F;25/05/1960;1;2322;18840
448750;M;21/01/1929;1;2990;30721
654649;M;01/01/1900;1;2018;13335
665830;F;01/01/1900;1;2300;18347
102027;M;03/05/1962;5;3920;46542
478242;M;04/11/1966;5;3680;43068
802967;F;01/01/1900;5;3500;37785
503008;M;19/02/1929;1;2990;30607
92704;;01/01/1900;5;3640;42283
732299;M;20/04/1983;1;2950;29553
853103;M;01/01/1900;5;3680;43226
775373;M;11/04/1939;9;6941;112598
79296;M;12/05/1938;5;3511;37969
108424;;01/01/1900;5;3930;47076
134853;F;12/02/1930;5;3600;40825
649119;M;08/10/1932;1;2930;28899
133388;;01/01/1900;5;3870;45771
809857;M;15/04/1929;7;9100;68548
48296;M;01/01/1900;1;2980;30440
834895;M;18/06/1970;1;2260;17217
661871;F;01/01/1900;1;2910;28567
94699;M;01/01/1900;5;3630;41848
959735;M;01/01/1900;1;2860;27547
78403;M;01/01/1900;5;3500;37344
53159;M;01/01/1900;1;2050;14034
30916;M;13/02/1951;5;3950;47549
59259;M;01/01/1900;5;3583;40128
854388;M;03/01/1944;1;2500;22654
76949;M;01/01/1900;5;3500;37415
689119;M;15/02/1917;1;2220;16088
146288;F;16/01/1985;5;3990;48511
146704;F;05/10/1972;5;3530;38424
151034;M;08/01/1985;1;2550;23582
482314;M;02/11/1950;5;3930;47137
746052;M;16/07/1948;5;3670;43000
156467;;01/01/1900;5;3530;38337
343367;M;01/01/1900;5;3600;40869
12650;F;01/01/1900;5;3600;41042
152441;F;17/08/1956;5;3650;42362
148689;F;30/08/1967;5;3600;40981
258487;;01/01/1900;1;2100;14628
493846;M;01/01/1900;5;3740;44567
158867;F;11/10/1939;5;3582;40007
710374;;01/01/1900;1;2530;23083
90119;M;07/03/1949;5;3620;41548
146680;F;23/01/1969;5;3630;41751
170116;M;10/11/1953;1;2800;25807
65777;;01/01/1900;5;3520;38223
121897;F;01/01/1900;2;1820;10429
115697;F;19/12/1957;5;3960;47692
792661;M;01/01/1900;5;3530;38418
458692;M;03/05/1960;7;9120;69036
831106;F;19/11/1944;1;2220;16058
79027;M;29/03/1962;5;3511;37993
169771;M;12/06/1959;5;3900;46145
46022;F;01/01/1900;5;3500;37601
203645;F;01/01/1900;1;2240;16777
201384;F;01/01/1900;7;9280;72413
209335;M;01/01/1900;5;3700;43663
66373;;01/01/1900;5;3500;37603
215874;M;03/10/1953;7;9100;68500
772345;M;01/01/1900;1;2900;28418
686073;M;05/10/1966;1;2630;25128
750239;M;01/01/1900;5;3512;38062
248786;M;21/08/1976;5;3740;44334
726595;F;03/11/1946;1;2300;18111
273366;M;29/04/1944;1;2800;25883
858670;M;19/12/1941;4;4607;138449
600133;M;01/01/1900;1;2627;24972
880770;F;14/04/1978;5;3740;44325
118150;M;02/08/1924;8;8450;53210
887509;M;08/08/1978;5;3740;44510
194809;M;10/11/1933;1;2018;13293
165006;M;26/01/1964;5;3930;47075
607066;F;01/01/1900;1;2290;18037
788096;F;01/01/1900;5;3540;38737
610490;M;25/02/1980;5;3620;41324
610909;M;01/01/1900;1;2900;28362
780872;M;01/01/1900;5;3665;42739
211228;M;01/01/1900;1;2020;13468
943837;M;01/01/1900;1;2630;25102
434880;M;14/04/1936;1;2275;17667
987888;F;01/01/1900;1;2018;13335
764010;M;01/01/1900;1;2242;16852
462539;M;31/01/1943;1;2310;18581
617861;M;07/09/1946;1;2322;18821
617931;M;01/01/1900;1;2600;24508
613450;M;01/01/1900;1;2920;28669
617978;M;26/09/1985;1;2960;29716
617363;M;29/05/1955;5;3500;37698
112614;M;16/12/1943;5;3990;48266
659785;M;02/05/1936;7;9420;74244
100246;M;23/02/1933;5;3740;44448
11301;M;01/01/1900;5;3590;40353
207176;M;12/12/1968;5;3530;38559
463919;M;01/01/1900;5;3511;37976
621193;M;01/01/1900;5;3660;42573
622510;F;01/01/1900;1;2800;26257
622765;M;12/11/1938;1;2520;23010
621638;M;08/06/1967;5;3700;43743
59304;M;01/01/1900;1;2520;22916
724763;M;04/12/1949;1;2980;30369
869174;M;12/09/1960;1;2240;16799
627451;M;08/07/1983;1;2150;15065
627399;F;01/01/1900;1;2940;29169
634261;M;01/01/1900;5;3920;46638
677422;M;01/01/1900;1;2440;21116
30873;M;01/01/1900;5;3920;46458
635984;M;15/08/1964;5;3650;42342
635283;F;14/03/1969;5;3530;38338
156973;M;11/10/1957;5;3950;47481
918489;M;01/01/1900;1;2320;18703
783523;F;01/01/1900;5;3600;41014
364377;M;07/08/1948;5;3700;43954
910596;M;24/07/1952;5;3930;47096
828560;M;12/12/1972;1;2960;29961
773992;M;01/01/1900;1;2440;21019
853339;F;19/02/1919;1;2910;28579
638818;M;20/06/1957;5;3990;48331
792117;M;12/06/1962;5;3945;47419
104555;;01/01/1900;5;3700;43771
639562;F;31/10/1931;5;3500;37722
639397;M;04/11/1956;5;3980;48207
643523;M;06/11/1919;1;2860;27490
115366;M;05/10/1933;5;3680;43148
745180;F;01/01/1900;1;2020;13456
697799;F;01/01/1900;1;2845;27204
887398;M;01/01/1900;1;2300;18348
699915;M;01/01/1900;1;2100;14690
1100966;M;25/01/1931;5;3511;37903
641348;M;26/03/1937;1;2812;26487
704809;M;01/08/1978;1;2275;17559
704300;M;01/01/1900;1;2600;24481
204554;M;01/01/1900;1;2020;13416
465055;M;01/01/1900;1;2370;19752
224695;M;01/01/1900;1;2310;18529
781229;F;19/09/1932;1;2020;13416
762867;M;01/01/1900;1;2270;17515
709132;;01/01/1900;1;2300;18270
709884;M;01/01/1900;5;3920;46552
152589;M;01/01/1900;5;3540;38683
653487;M;01/01/1900;1;2460;21784
1012277;F;24/01/1958;1;2490;22360
708169;F;23/04/1958;5;3960;47657
199691;M;01/01/1900;7;9130;69347
722331;F;01/01/1900;1;2960;29772
1000660;M;01/01/1900;1;2920;28665
147636;M;01/01/1900;5;3720;44027
729330;F;13/07/1972;1;2990;30763
724712;M;27/04/1960;1;2900;28141
200989;M;01/01/1900;1;2860;27431
1004392;M;02/12/1957;1;2560;23762
1003941;M;11/11/1962;1;2018;13245
778798;M;11/02/1960;1;2980;30340
928311;M;01/01/1900;5;3700;109051
1005451;M;20/11/1938;1;2980;30445
1005612;M;24/06/1984;1;2620;24901
598303;M;01/01/1900;1;2380;19808
1005565;F;01/01/1900;1;2811;26383
1008436;F;01/01/1900;5;3920;46597
800557;M;01/01/1900;1;2400;20427
1008812;M;01/01/1900;5;3600;40928
1008816;F;01/01/1900;5;3920;46597
75683;;06/02/1946;1;2200;15675
985688;F;01/01/1900;5;3511;136064
1009367;M;01/01/1900;5;3600;40855
456330;M;01/01/1900;1;2920;28889
1010541;;08/09/1947;1;2610;24672
174584;M;03/03/1933;5;3540;38709
1012112;F;01/01/1900;1;2340;19256
300189;M;19/06/1926;1;2230;16539
1013184;F;01/01/1900;7;9170;70279
1012401;M;24/02/1982;7;9120;102613
1013062;F;01/01/1900;1;2560;23719
1012138;M;01/01/1959;1;2040;13846
1012450;M;01/01/1900;1;2640;25176
1012459;F;14/02/1945;1;2980;30521
1012153;M;21/05/1963;1;2110;14745
1012448;F;05/10/1981;7;9220;71269
1012128;M;28/01/1978;2;1880;11467
1012048;F;11/06/1969;1;2460;21622
1015231;F;01/01/1900;1;2500;22559
1012360;M;17/07/1967;1;2960;29685
1012323;M;08/03/1961;1;2660;25727
1012561;F;01/01/1900;7;9190;70618
9029;F;01/01/1900;5;3920;46874
759888;F;06/04/1946;1;2400;20566
1012206;F;25/08/1983;1;2275;17542
1014037;F;07/03/1974;5;3640;42084
1015557;M;01/01/1900;1;2370;19762
712387;M;23/06/1977;1;2940;29231
695041;M;17/09/1952;5;3550;39232
646884;M;05/04/1936;7;9140;69410
1016105;F;01/01/1900;1;2450;21432
1015972;F;01/01/1900;1;2650;25392
1016777;F;01/01/1900;7;9100;108877
307591;M;01/01/1900;1;2460;21604
1016426;F;22/06/1963;1;2100;14643
1016489;F;05/01/1978;2;3140;33936
1016421;M;17/06/1958;1;2650;25464
1016574;F;14/04/1962;7;9140;69498
674586;M;01/01/1900;7;9240;111605
910489;M;01/01/1900;5;3800;45267
54085;M;01/01/1900;1;2180;15566
164983;;01/01/1900;5;3950;47551
1017458;F;01/01/1900;1;2140;14872
758961;M;01/01/1900;5;3630;41657
1019924;M;01/01/1900;5;3630;41743
1018330;F;01/01/1900;1;2370;19688
1018685;M;01/01/1900;1;2000;12751
103399;M;17/07/1961;5;3830;45507
1019659;F;01/01/1900;5;3640;42290
1012984;M;20/04/1959;7;9100;68706
182687;F;01/10/1956;5;3980;48228
408004;F;17/02/1968;5;3550;39294
972441;M;01/01/1900;7;9170;70232
1022740;F;01/01/1900;2;3150;33981
98118;;01/01/1900;5;3700;43779
970777;F;01/01/1900;5;3680;43334
1023477;M;01/01/1900;1;2870;27687
1023482;M;01/01/1900;1;2845;27199
1024740;M;01/01/1900;5;3950;47613
1024762;M;01/01/1900;5;3630;41831
1024766;F;01/01/1900;5;3620;41549
1018138;M;01/01/1900;7;9700;77141
1025738;F;01/01/1900;1;2370;19757
1024645;M;08/01/1980;5;3500;37601
655732;M;01/01/1900;1;2990;30614
714533;M;01/01/1900;1;2800;26315
1026837;M;01/01/1900;7;9220;71199
1025973;M;01/01/1900;1;2610;24665
1025974;M;01/01/1900;6;1982;12666
1026090;M;01/01/1900;2;1840;10679
1026096;M;20/12/2007;1;2322;141545
1026514;M;01/01/1900;7;9280;72437
1027575;M;01/01/1900;7;9120;68971
1100239;;01/01/2222;7;9220;71206
1027748;F;20/12/1960;5;3670;42874
1100230;M;20/11/1945;5;3582;40060
1101024;M;01/01/1900;5;3990;48311
157522;M;01/01/1900;5;3550;39072
1100313;M;29/11/1958;5;3570;39588
502178;M;01/01/1900;5;3520;38150
1100938;M;01/01/1900;1;2990;30901
594963;M;17/04/1951;1;2018;13292
1100031;F;14/01/1991;1;2300;18238
1101441;M;01/01/2222;1;2980;30373
1101551;M;01/01/1900;1;2520;23010
1101194;F;01/01/2222;1;2660;25544
193305;M;01/01/1900;1;2950;29495
716249;M;01/01/1900;1;2018;13263
1102150;M;01/01/1900;1;2160;15213
1102195;M;01/01/2222;1;2260;17108
1102535;F;11/07/1938;1;2850;27288
1102837;M;27/10/1976;5;3740;44368
1102910;M;01/01/2222;5;3530;38490
1102303;F;20/05/1955;5;3550;39270
940996;F;01/01/1900;1;2920;28816
665402;M;01/01/1900;1;2660;25694
1005543;M;01/01/1900;1;2620;24963
206822;M;01/01/1900;5;3730;44228
1103371;;01/01/1900;1;2600;24372
1103505;M;01/01/1900;1;2275;17627
189721;M;01/01/1900;5;3700;43815
1021269;M;01/01/1900;1;2940;29216
1104132;M;12/05/1949;1;2600;24405
141231;M;08/11/1961;5;3630;41672
1103754;F;01/01/1900;5;3665;42789
1103781;F;01/01/1900;5;3500;37668
1104278;M;01/01/1900;5;3581;39912
1104281;M;01/01/1900;1;2370;19754
757988;M;08/07/1937;1;2840;27079
1102866;M;01/01/2222;1;2490;22277
1102847;M;01/01/2222;1;2380;19831
1104255;M;26/01/1966;1;2370;19705
1104617;M;01/01/1900;1;2440;21067
1104838;M;01/01/1900;1;2650;25451
268358;M;01/01/1900;1;2800;26131
1104836;M;01/01/1900;1;2580;24162
922675;M;08/10/1932;1;2260;17206
1102389;M;01/01/1900;5;3700;43696
1102454;M;01/01/1900;5;3630;41771
1102477;;01/01/1900;5;3971;48076
288683;M;10/12/1962;5;3550;39280
1103831;F;25/07/1977;5;3511;37902
253165;M;02/03/1948;1;2960;29610
1016126;M;29/10/1978;5;3800;45206
293000;M;05/03/1935;5;3730;44149
595080;M;16/08/1948;1;2880;28008
615206;F;08/06/1955;5;3500;37722
76969;M;01/01/1900;5;3500;37606
497954;M;01/01/1900;5;3920;46886
799769;M;02/10/1961;5;3840;45570
1114050;F;16/11/1957;1;2460;21707
1115876;F;19/12/1970;1;2610;24700
1116187;M;01/01/1900;1;2260;17288
1117537;M;01/01/1900;1;2960;29719
1119184;;01/01/1900;5;3680;43100
1119917;M;01/01/1900;5;3630;41993
298867;;01/01/1900;5;3793;44975
70078;;01/01/1900;5;3970;47947
1120599;M;01/01/1900;5;3840;45548
11353;M;01/01/1900;1;2390;20230
1112296;M;17/05/1962;5;3920;46655
672099;M;02/09/1936;1;2180;15629
1122320;M;01/01/1900;5;3640;42230
1122325;M;01/01/1900;1;2381;19936
666035;M;23/06/1945;1;2500;22793
76755;F;01/01/1900;5;3500;37816
260536;F;01/01/1900;1;2470;21951
1126074;M;01/01/1900;5;3850;45754
56876;M;19/12/1943;1;2940;29176
70782;M;01/01/1900;5;3520;38144
129049;;01/01/1900;5;3960;138125
152547;M;09/09/1963;5;3800;45132
1136034;F;01/05/1947;5;3500;37527
133012;M;01/01/1900;2;3454;37101
125522;M;14/03/1962;5;3730;44194
640930;F;01/01/1900;1;2610;24714
27613;M;01/01/1900;5;3520;38239
1140412;M;01/01/1900;1;2100;14726
200518;M;01/01/1900;1;2160;15096
250717;;01/01/1900;5;3600;40634
1149691;F;01/01/1900;1;2870;27665
1144737;M;06/11/1970;1;2140;14876
93173;;01/01/1900;5;3650;42542
684284;M;01/01/1900;1;2250;16965
743976;F;01/01/1900;2;3128;33640
1153507;M;01/01/1900;1;2370;19754
773650;M;01/01/1900;1;2610;24694
1161048;M;03/11/1980;5;3530;38460
1101593;F;07/09/1965;1;2310;18545
596708;F;30/04/1959;1;2000;13143
1161356;F;27/11/1947;1;2180;15585
1163290;M;26/03/1989;1;2000;12789
410112;F;01/01/1900;5;3550;39211
1164413;M;28/01/1945;1;2330;18952
54653;M;01/01/1900;5;3511;37955
1165651;F;17/01/1945;1;2600;24466
1167920;M;04/09/1988;5;3740;44534
1168095;M;22/11/1950;1;2520;22875
1168942;M;23/12/1984;1;2980;30469
494542;M;01/01/1900;5;3730;44158
1027262;F;01/01/1900;5;3920;46590
93006;M;01/01/1900;5;3650;42402
493488;M;01/03/1963;5;3670;42872
126908;;01/01/1900;5;3830;45476
32954;F;12/06/1969;5;3970;47990
1101399;M;01/01/1900;5;3840;0
964712;M;17/07/1977;1;2290;0
773549;M;30/07/1959;5;3600;41225
67720;M;01/11/1937;5;3500;37489
69926;M;04/01/1946;5;3700;43703
247619;M;01/01/1900;5;3520;38228
777710;F;01/01/1900;5;3630;41792
364568;M;01/01/1900;5;3500;37645
271727;M;01/01/1900;5;3800;45221
892613;M;01/01/1900;5;3512;38060
162298;M;06/03/1949;5;3680;43251
119012;;01/01/1900;5;3500;37776
109965;M;02/08/1944;5;3950;47529
791768;F;29/09/1962;5;3520;38245
768283;M;07/03/1943;5;3520;38218
304201;M;10/09/1974;7;9130;69323
126990;;01/01/1900;5;3840;45681
95660;M;01/01/1900;5;3680;43361
1006986;;01/01/1900;2;3000;31086
666148;M;02/05/1943;1;2070;14326
1173686;;01/01/1900;1;2288;0
97127;M;01/01/1900;5;3690;43423
1169078;M;02/10/1957;5;3600;0
287734;;01/01/1900;5;3920;0
1011188;M;01/01/1900;2;3220;0
708300;F;14/07/1982;2;3010;0
619493;F;19/05/1970;5;3520;0
92913;M;07/11/1962;5;3640;0
809169;F;30/01/1973;1;2940;0
965165;M;01/01/1900;5;3740;0
603795;M;01/01/1900;10;5060;0
755387;M;09/04/1943;5;3630;0
121813;;01/01/1900;5;3590;0
1016568;F;24/12/1985;1;2980;0
78610;M;04/06/1944;5;3510;0
292489;;01/01/1900;2;3300;0
1196073;F;13/11/1985;7;9120;0
1198892;M;01/01/1900;5;3920;0
503222;M;08/12/1938;5;3920;0
899471;F;19/04/1950;5;3500;0
217286;F;01/01/1900;7;9270;0
1201970;M;01/01/1900;5;3950;0
677614;F;29/03/1913;1;2400;0
1203240;M;01/01/1900;5;3970;0
384813;M;27/10/1974;1;2340;0
90221;M;18/11/1951;7;9200;0
831146;;02/08/1961;8;8200;0
115310;F;10/10/1970;5;3950;0
1211742;F;18/12/1976;1;2490;0
126557;;01/01/1900;8;8300;0
246652;M;01/01/1900;5;3620;0
4416;M;01/01/1900;5;3700;43813
1109506;M;01/01/1900;5;3510;0
665197;M;12/05/1921;7;9100;0
688663;M;17/05/1937;7;9220;0
992812;M;01/01/1900;1;2900;28440
494289;;01/01/1900;5;3510;37891
277432;M;01/01/1900;1;2242;16827
112215;;01/01/1900;5;3980;48147
60076;M;10/02/1928;5;3511;37971
745470;M;01/01/1900;5;3650;42401
96823;M;21/02/1956;5;3690;43538
97407;;01/01/1900;5;3700;43945
874542;M;01/01/1900;5;3890;45895
119412;M;15/07/1953;5;3520;38216
124875;M;01/01/1900;5;3690;43501
90987;M;30/09/1945;5;3621;41640
88037;M;11/05/1945;5;3590;40363
45521;M;01/01/1900;5;3840;45635
88253;M;19/02/1944;5;3600;40985
709042;M;15/07/1955;1;2240;16777
89299;M;05/04/1965;5;3600;40605
813507;M;17/05/1943;1;2360;19527
75988;M;01/01/1900;2;3290;35589
71100;;01/01/1900;5;3740;44350
195120;M;01/01/1900;5;3550;38933
287148;M;01/01/1900;5;3500;37802
243362;M;13/08/1965;5;3680;129138
594164;M;01/01/1900;5;3640;42310
126371;M;13/12/1951;5;3770;44792
963283;M;01/01/1900;1;2860;27510
96369;;01/01/1900;5;3680;43334
42801;M;11/04/1938;5;3581;39865
806075;F;22/02/1942;5;3840;45660
713976;M;02/07/1969;1;2640;25229
71104;;01/01/1900;5;3770;44780
261247;;01/01/1900;5;3700;43962
101481;M;01/01/1900;5;3770;44852
871676;M;01/01/1900;1;2050;14052
774766;M;01/01/1900;1;2900;28249
676405;F;01/01/1900;1;2250;135269
875997;F;08/07/1950;1;2600;24550
47878;M;01/01/1900;5;3740;44637
76481;F;01/01/1900;5;3500;37574
57032;M;21/09/1952;5;3590;40456
676232;F;28/02/1947;1;2275;17548
757126;M;01/01/1900;5;3900;46103
70052;M;11/09/1957;5;3500;37416
132770;;01/01/1900;5;3582;40066
85627;M;23/05/1957;5;3580;39743
893796;F;01/01/1900;5;3840;45549
754597;M;28/07/1941;5;3650;42435
793482;M;01/01/1900;5;3900;46047
238227;M;07/07/1966;5;3600;40669
771291;M;01/01/1900;5;3910;46423
650049;M;15/03/1938;1;2322;18837
91087;M;30/10/1945;5;3630;41985
975563;M;01/01/1900;5;3740;44563
122823;F;01/01/1900;5;3620;41285
795924;M;10/03/1975;5;3800;45110
